"Date","series ","Open","High","Low","PREV. CLOSE ","ltp ","Close","vwap ","52W H ","52W L ","VOLUME ","VALUE ","No of trades "
"09-Oct-2025","EQ",1374.00,1380.00,1369.10,1367.40,1376.50,1377.80,1376.25,2802.00,1114.85,"88,26,633","12,14,76,69,213.50","2,17,890"
"08-Oct-2025","EQ",1384.80,1389.00,1364.50,1384.80,1367.30,1367.40,1371.62,2802.00,1114.85,"85,25,081","11,69,32,12,975.10","2,14,245"
"07-Oct-2025","EQ",1376.00,1395.90,1375.90,1375.00,1384.50,1384.80,1386.79,2802.00,1114.85,"1,12,44,040","15,59,31,76,402.20","1,96,055"
"06-Oct-2025","EQ",1360.00,1377.40,1359.00,1363.40,1374.90,1375.00,1367.85,2802.00,1114.85,"1,23,96,580","16,95,66,55,218.30","1,84,550"
"03-Oct-2025","EQ",1363.20,1371.60,1356.90,1368.70,1363.30,1363.40,1362.13,3049.95,1114.85,"1,28,42,347","17,49,29,14,973.80","2,16,161"
"01-Oct-2025","EQ",1367.00,1378.60,1362.70,1364.00,1370.00,1368.70,1369.56,3049.95,1114.85,"1,20,45,916","16,49,76,35,567.10","2,58,017"
"30-Sep-2025","EQ",1377.10,1377.10,1362.80,1372.80,1364.00,1364.00,1366.52,3049.95,1114.85,"1,46,04,684","19,95,75,82,304.90","2,23,375"
"29-Sep-2025","EQ",1381.60,1389.00,1368.00,1377.60,1376.00,1372.80,1375.78,3049.95,1114.85,"1,42,31,999","19,58,01,10,793.70","2,13,268"
"26-Sep-2025","EQ",1372.00,1382.70,1366.00,1372.40,1379.00,1377.60,1376.37,3066.95,1114.85,"98,79,109","13,59,73,42,647.00","1,48,644"
"25-Sep-2025","EQ",1381.30,1384.50,1369.00,1383.00,1374.80,1372.40,1375.53,3066.95,1114.85,"1,14,11,143","15,69,63,73,894.00","1,55,102"
"24-Sep-2025","EQ",1385.30,1396.00,1380.40,1389.80,1381.10,1383.00,1387.32,3066.95,1114.85,"59,22,759","8,21,67,78,017.50","1,20,399"
"23-Sep-2025","EQ",1391.00,1395.00,1376.80,1390.60,1390.50,1389.80,1387.57,3066.95,1114.85,"1,40,14,702","19,44,63,55,038.70","2,10,931"
"22-Sep-2025","EQ",1403.90,1410.70,1388.00,1407.40,1390.90,1390.60,1400.91,3066.95,1114.85,"77,57,970","10,86,82,28,760.60","1,36,991"
"19-Sep-2025","EQ",1414.90,1417.00,1403.60,1415.00,1407.60,1407.40,1408.43,3066.95,1114.85,"1,34,61,373","18,95,93,42,246.10","1,43,644"
"18-Sep-2025","EQ",1420.40,1422.00,1410.70,1413.80,1415.00,1415.00,1415.31,3066.95,1114.85,"93,32,642","13,20,85,89,778.10","1,82,559"
"17-Sep-2025","EQ",1407.00,1416.20,1406.90,1405.30,1413.00,1413.80,1412.05,3066.95,1114.85,"75,19,417","10,61,78,06,261.00","1,89,638"
"16-Sep-2025","EQ",1404.70,1408.00,1398.20,1399.30,1405.90,1405.30,1404.00,3066.95,1114.85,"86,86,961","12,19,64,51,860.10","1,70,452"
"15-Sep-2025","EQ",1393.00,1400.80,1388.60,1395.00,1399.30,1399.30,1395.97,3066.95,1114.85,"53,96,697","7,53,36,35,758.20","1,30,728"
"12-Sep-2025","EQ",1383.30,1396.30,1380.50,1383.30,1395.00,1395.00,1392.69,3066.95,1114.85,"74,03,368","10,31,06,08,459.50","1,56,369"
"11-Sep-2025","EQ",1376.00,1385.50,1375.00,1377.00,1382.10,1383.30,1382.49,3066.95,1114.85,"97,66,072","13,50,14,79,258.50","1,73,431"
"10-Sep-2025","EQ",1383.90,1388.50,1374.10,1376.20,1377.50,1377.00,1380.12,3066.95,1114.85,"77,90,815","10,75,22,66,849.20","2,22,655"
"09-Sep-2025","EQ",1376.60,1381.20,1368.70,1378.50,1376.10,1376.20,1375.44,3066.95,1114.85,"97,54,452","13,41,66,75,656.70","2,09,637"
"08-Sep-2025","EQ",1380.00,1386.00,1372.40,1375.00,1378.90,1378.50,1379.43,3066.95,1114.85,"69,86,720","9,63,76,80,456.60","1,31,052"
"05-Sep-2025","EQ",1363.00,1381.00,1359.30,1359.30,1375.70,1375.00,1370.36,3066.95,1114.85,"57,77,575","7,91,73,73,815.60","1,42,951"
"04-Sep-2025","EQ",1371.80,1374.00,1357.10,1372.60,1359.10,1359.30,1363.97,3066.95,1114.85,"1,32,23,177","18,03,59,88,833.70","2,00,473"
"03-Sep-2025","EQ",1369.70,1376.50,1360.50,1366.50,1372.00,1372.60,1368.85,3066.95,1114.85,"78,47,563","10,74,21,61,678.40","2,09,277"
"02-Sep-2025","EQ",1354.80,1384.50,1354.50,1353.90,1367.50,1366.50,1374.28,3066.95,1114.85,"1,15,17,006","15,82,76,20,364.30","2,35,433"
"01-Sep-2025","EQ",1356.00,1363.20,1340.60,1357.20,1355.00,1353.90,1353.99,3066.95,1114.85,"1,12,32,238","15,20,83,77,268.50","2,49,574"
"29-Aug-2025","EQ",1381.10,1403.50,1350.00,1385.90,1356.00,1357.20,1375.14,3079.45,1114.85,"1,87,58,842","25,79,60,85,387.60","3,48,532"
"28-Aug-2025","EQ",1389.90,1392.20,1366.50,1384.90,1390.90,1385.90,1380.78,3079.45,1114.85,"1,31,61,813","18,17,35,99,832.00","2,52,423"
"26-Aug-2025","EQ",1408.00,1410.00,1381.60,1412.60,1383.80,1384.90,1390.78,3079.45,1114.85,"1,21,45,259","16,89,13,59,345.30","2,01,578"
"25-Aug-2025","EQ",1414.70,1419.50,1405.70,1409.20,1413.70,1412.60,1412.48,3079.45,1114.85,"59,79,407","8,44,57,89,682.30","1,84,067"
"22-Aug-2025","EQ",1420.00,1423.40,1407.90,1424.80,1409.90,1409.20,1414.00,3079.45,1114.85,"58,18,868","8,22,78,76,997.30","1,37,165"
"21-Aug-2025","EQ",1425.00,1431.90,1420.30,1413.00,1424.30,1424.80,1427.55,3079.45,1114.85,"1,10,21,323","15,73,34,74,504.40","2,31,863"
"20-Aug-2025","EQ",1413.00,1424.90,1410.00,1420.10,1412.00,1413.00,1418.58,3079.45,1114.85,"87,25,641","12,37,79,83,949.70","1,96,554"
"19-Aug-2025","EQ",1390.00,1421.00,1389.10,1381.70,1421.00,1420.10,1413.60,3079.45,1114.85,"1,43,84,719","20,33,42,96,972.40","2,88,664"
"18-Aug-2025","EQ",1390.00,1394.90,1377.00,1373.80,1382.90,1381.70,1384.21,3079.45,1114.85,"1,17,85,109","16,31,30,18,769.80","3,19,844"
"14-Aug-2025","EQ",1377.30,1380.70,1370.10,1382.60,1372.90,1373.80,1375.17,3079.45,1114.85,"71,26,128","9,79,96,29,519.90","1,75,588"
"13-Aug-2025","EQ",1388.00,1391.80,1377.50,1380.40,1384.00,1382.60,1384.19,3079.45,1114.85,"74,57,021","10,32,19,69,058.70","2,08,576"
"12-Aug-2025","EQ",1381.90,1401.90,1375.20,1386.20,1381.00,1380.40,1386.76,3079.45,1114.85,"1,22,44,664","16,98,03,68,560.10","1,79,433"
"11-Aug-2025","EQ",1370.00,1388.00,1361.20,1367.80,1384.60,1386.20,1375.78,3079.45,1114.85,"99,97,486","13,75,43,51,256.50","2,26,304"
"08-Aug-2025","EQ",1385.00,1397.20,1365.00,1389.40,1366.20,1367.80,1374.93,3079.45,1114.85,"87,93,606","12,09,05,91,567.60","2,08,137"
"07-Aug-2025","EQ",1387.70,1393.70,1366.00,1392.80,1391.00,1389.40,1381.52,3079.45,1114.85,"99,76,705","13,78,30,47,743.50","2,93,767"
"06-Aug-2025","EQ",1391.90,1395.90,1383.30,1391.70,1393.00,1392.80,1390.57,3079.45,1114.85,"58,34,312","8,11,30,06,686.00","1,56,725"
"05-Aug-2025","EQ",1411.00,1411.00,1388.10,1411.50,1390.00,1391.70,1394.50,3079.45,1114.85,"93,15,972","12,99,11,63,046.80","2,38,858"
"04-Aug-2025","EQ",1395.10,1416.10,1391.70,1393.70,1410.20,1411.50,1410.61,3079.45,1114.85,"63,12,820","8,90,49,07,900.60","1,88,246"
"01-Aug-2025","EQ",1386.90,1405.90,1384.30,1390.20,1394.10,1393.70,1397.47,3079.45,1114.85,"1,03,21,171","14,42,34,88,951.80","2,08,431"
"31-Jul-2025","EQ",1388.10,1402.60,1382.20,1410.10,1390.00,1390.20,1392.63,3079.45,1114.85,"1,70,65,827","23,76,63,74,015.30","3,73,516"
"30-Jul-2025","EQ",1418.10,1423.30,1401.30,1417.10,1409.70,1410.10,1411.50,3079.45,1114.85,"72,09,849","10,17,67,19,970.80","1,67,311"
"29-Jul-2025","EQ",1383.00,1420.20,1383.00,1387.60,1416.60,1417.10,1402.99,3079.45,1114.85,"1,07,50,072","15,08,22,11,933.30","1,87,813"
"28-Jul-2025","EQ",1392.30,1407.80,1385.00,1391.70,1387.10,1387.60,1394.17,3079.45,1114.85,"77,48,361","10,80,25,52,328.10","1,98,421"
"25-Jul-2025","EQ",1398.90,1401.00,1384.10,1402.90,1392.40,1391.70,1394.22,3079.45,1114.85,"1,18,54,722","16,52,80,44,233.50","2,37,018"
"24-Jul-2025","EQ",1419.20,1423.00,1396.00,1424.60,1402.80,1402.90,1407.06,3079.45,1114.85,"1,47,40,507","20,74,07,88,758.30","3,14,670"
"23-Jul-2025","EQ",1426.00,1426.00,1414.40,1412.80,1425.00,1424.60,1421.41,3079.45,1114.85,"83,54,596","11,87,53,15,134.70","2,25,103"
"22-Jul-2025","EQ",1427.40,1431.90,1410.70,1428.60,1413.80,1412.80,1417.05,3079.45,1114.85,"2,03,96,320","28,90,27,00,383.40","5,04,145"
"21-Jul-2025","EQ",1465.00,1476.00,1423.10,1476.00,1428.20,1428.60,1435.24,3079.45,1114.85,"2,24,42,744","32,21,07,51,693.50","6,30,358"
"18-Jul-2025","EQ",1484.80,1484.80,1469.10,1476.40,1476.00,1476.00,1475.20,3211.70,1114.85,"1,02,96,318","15,18,91,04,342.00","2,22,241"
"17-Jul-2025","EQ",1487.40,1489.60,1473.90,1485.60,1478.70,1476.40,1479.78,3211.70,1114.85,"1,18,54,613","17,54,22,05,685.80","1,89,733"
"16-Jul-2025","EQ",1473.00,1491.00,1471.50,1485.40,1486.20,1485.60,1481.43,3211.70,1114.85,"1,04,09,983","15,42,16,36,574.60","1,91,598"
"15-Jul-2025","EQ",1486.20,1496.50,1482.40,1483.70,1488.50,1485.40,1487.92,3211.70,1114.85,"81,32,454","12,10,04,48,372.90","1,73,756"
"14-Jul-2025","EQ",1492.20,1500.00,1479.10,1495.20,1486.40,1483.70,1487.76,3211.70,1114.85,"1,03,11,846","15,34,15,29,534.70","1,86,122"
"11-Jul-2025","EQ",1512.00,1515.00,1490.30,1517.20,1495.00,1495.20,1496.06,3217.60,1114.85,"72,34,991","10,82,39,82,872.20","1,78,490"
"10-Jul-2025","EQ",1519.70,1524.70,1507.50,1519.00,1515.20,1517.20,1516.20,3217.60,1114.85,"1,00,47,129","15,23,34,58,376.40","2,89,035"
"09-Jul-2025","EQ",1536.70,1551.00,1510.10,1537.60,1520.50,1519.00,1532.97,3217.60,1114.85,"88,70,660","13,59,84,41,338.60","2,54,524"