Pair,Asset A,Asset B,Beta,ADF Stat,Half Life,Correlation
ACC-TATASTEEL,ACC,TATASTEEL,1.009830380043837,-4.408519555863307,16.531828155419152,0.30798189825044664
ACC-VEDL,ACC,VEDL,-0.22295394280817338,-4.281082465073511,17.22351653897662,-0.24199834474952922
HCLTECH-SUNPHARMA,HCLTECH,SUNPHARMA,1.0305130139211935,-4.214196777234096,19.63578619963526,0.9528179594000961
ACC-SAIL,ACC,SAIL,0.2143265975124745,-4.095343088155404,18.641321453039858,0.055622784285932446
BAJAJ-AUTO-MARUTI,BAJAJ-AUTO,MARUTI,0.344832889391066,-3.8288382559051826,26.695748549515702,0.7873678992473189
HDFCBANK-AXISBANK,HDFCBANK,AXISBANK,0.22091897091795654,-3.774860368838927,24.329173785501375,0.727322680508106
HCLTECH-LTIM,HCLTECH,LTIM,0.241480772497988,-3.4002253287063304,30.629573531576245,0.9542592409782399
JSWSTEEL-TATASTEEL,JSWSTEEL,TATASTEEL,3.0698409306790286,-3.382523491977992,27.957716256587194,0.7939279493503719
ULTRACEMCO-HCLTECH,ULTRACEMCO,HCLTECH,-3.273433634484779,-3.3656751400795692,31.31121046193633,-0.8336024539353913
HCLTECH-TCS,HCLTECH,TCS,0.7377114247481655,-3.3594274279251506,43.61294871740332,0.8991009593644709
OFSS-M&M,OFSS,M&M,-2.919079734889798,-3.315292122922522,35.23646921892147,-0.8332455912641744
SUNPHARMA-LTIM,SUNPHARMA,LTIM,0.21677047132384436,-3.255307094246992,30.702338565709336,0.92646173346945
ULTRACEMCO-SUNPHARMA,ULTRACEMCO,SUNPHARMA,-3.603811150608825,-3.233720900151134,33.254349227932984,-0.8485431314952534
SUNPHARMA-TCS,SUNPHARMA,TCS,0.6690688939863381,-3.2077863099133084,35.01584743310675,0.8819345110080092
ASHOKLEY-AMBUJACEM,ASHOKLEY,AMBUJACEM,-0.6390981100758502,-3.1695997746233933,34.695549416786214,-0.7969811263355597
TECHM-AMBUJACEM,TECHM,AMBUJACEM,-3.235636122997308,-3.158247211199822,34.543189390568116,-0.7557218072310896
WIPRO-AMBUJACEM,WIPRO,AMBUJACEM,-0.30783149617156297,-3.033354757243437,35.463961966974466,-0.6243813882291754
JSWSTEEL-ACC,JSWSTEEL,ACC,0.3917846277756035,-3.0307925321333156,36.673787112498026,0.33222770884300795
CIPLA-KOTAKBANK,CIPLA,KOTAKBANK,0.6865238378668894,-3.0121206279685753,37.19136745434522,0.7903365904653258
ULTRACEMCO-TCS,ULTRACEMCO,TCS,-2.4976714501203436,-2.967493235280194,39.45825236592334,-0.7751981102311452
INFY-TCS,INFY,TCS,0.4936641173425605,-2.9603105313036235,38.58980556749914,0.9103992690236925
HDFCBANK-TATASTEEL,HDFCBANK,TATASTEEL,-0.35352314746489666,-2.9440819504926186,40.99007037386018,-0.17952680333161122
JSWSTEEL-ICICIBANK,JSWSTEEL,ICICIBANK,-0.29960826029666004,-2.9024288391271873,41.085173017224015,-0.2843644699040512
HDFCBANK-SAIL,HDFCBANK,SAIL,-0.312802246426737,-2.8879223393488846,42.51655488146903,-0.13517027629259518
DRREDDY-TVSMOTOR,DRREDDY,TVSMOTOR,0.21931530188664353,-2.865826864211614,42.23481967774529,0.6138600568169573
TVSMOTOR-KOTAKBANK,TVSMOTOR,KOTAKBANK,1.4546493926194337,-2.859627384545408,38.45995364493775,0.7589166822524818
DRREDDY-SAIL,DRREDDY,SAIL,-3.207264403424077,-2.811206711109628,43.25260008888132,-0.5416805331844746
INDUSINDBK-HCLTECH,INDUSINDBK,HCLTECH,0.6574150179375309,-2.809648015023816,44.527408605196484,0.9018352053554525
JSWSTEEL-JINDALSTEL,JSWSTEEL,JINDALSTEL,0.48119563386629655,-2.8019708314865244,41.69603439832242,0.6498837865443043
EICHERMOT-TECHM,EICHERMOT,TECHM,2.0104983373865855,-2.7770032209619324,44.94181859037855,0.6418460446669605
WIPRO-TATASTEEL,WIPRO,TATASTEEL,-0.6299591822441338,-2.7759916031044773,37.516898313037494,-0.6912673279354723
JSWSTEEL-SAIL,JSWSTEEL,SAIL,2.6432239368522987,-2.744304973408851,45.146832961788284,0.5817000120663786
SUNPHARMA-AXISBANK,SUNPHARMA,AXISBANK,1.3755795952106924,-2.7093490081744447,46.65128826495372,0.8740209380878889
DRREDDY-JINDALSTEL,DRREDDY,JINDALSTEL,-0.4774284585460081,-2.6985966984368464,47.30484100552809,-0.4948410011243806
DIVISLAB-AXISBANK,DIVISLAB,AXISBANK,-0.26639528985085487,-2.698360951730454,69.27083640145686,-0.06350098662344662
OFSS-CIPLA,OFSS,CIPLA,3.722717208782461,-2.6927482266462346,110.40240672443962,0.36993767742809347
DRREDDY-JSWSTEEL,DRREDDY,JSWSTEEL,-0.6043134025260064,-2.685484253963718,45.268916409956034,-0.4637731226474994
DRREDDY-ICICIBANK,DRREDDY,ICICIBANK,0.7858409198201665,-2.679977513439587,47.35928241752388,0.5723998861252808
ULTRACEMCO-LTIM,ULTRACEMCO,LTIM,-0.761449049495736,-2.662748161215167,48.53205006724869,-0.7662669788264698
JINDALSTEL-KOTAKBANK,JINDALSTEL,KOTAKBANK,-0.43240117151344315,-2.660915509855529,47.91412686975437,-0.6092081415684856
DRREDDY-TECHM,DRREDDY,TECHM,0.3911926804530841,-2.629885119010717,49.7735870761583,0.6144694351570318
OFSS-ULTRACEMCO,OFSS,ULTRACEMCO,1.1604071354548815,-2.6290661108436697,63.95581454203226,0.7818841360752752
INDUSINDBK-SUNPHARMA,INDUSINDBK,SUNPHARMA,0.7036092810552658,-2.62115238535868,50.358521386377895,0.892432910328788
EICHERMOT-HEROMOTOCO,EICHERMOT,HEROMOTOCO,0.29782937638139984,-2.616877086711953,50.39210190405932,0.6850198987179695
HEROMOTOCO-LTIM,HEROMOTOCO,LTIM,1.1095492546059713,-2.601652493213398,65.82428573002586,0.8486156062101353
DRREDDY-WIPRO,DRREDDY,WIPRO,2.916606899139478,-2.589187757046418,51.428424017550554,0.5275369050669262
JSWSTEEL-VEDL,JSWSTEEL,VEDL,0.20617386449686953,-2.5810108475958358,52.11549978724012,0.18976639577896165
DRREDDY-TATASTEEL,DRREDDY,TATASTEEL,-2.4223424692504025,-2.5605871043648207,52.371841510559776,-0.48077747479940053
DRREDDY-KOTAKBANK,DRREDDY,KOTAKBANK,0.391892298179137,-2.527724524862868,52.66698043799203,0.5722725821892268
ICICIBANK-TATASTEEL,ICICIBANK,TATASTEEL,-1.899159541409666,-2.5225214095620907,54.428587060417655,-0.5174937620257788
ICICIBANK-KOTAKBANK,ICICIBANK,KOTAKBANK,0.28739009869594434,-2.4804294624650556,56.19170258700258,0.5761600118862336
ULTRACEMCO-M&M,ULTRACEMCO,M&M,-1.5966261466443774,-2.460944605252825,55.08750345212374,-0.6763917356218003
SBIN-M&M,SBIN,M&M,0.3124395947659352,-2.4556954181741126,66.18801292088148,0.8256502302676368
JINDALSTEL-ICICIBANK,JINDALSTEL,ICICIBANK,-0.7487314765980563,-2.433284757952222,56.65794199821126,-0.5261791275536232
TCS-LTIM,TCS,LTIM,0.2646111557369881,-2.4304609515114346,63.76454875213553,0.8579658775583938
CIPLA-VEDL,CIPLA,VEDL,-0.8026870792473422,-2.4261744867978257,72.3440642295786,-0.44698770411165606
AMBUJACEM-ACC,AMBUJACEM,ACC,0.2403030487203142,-2.4251377561664613,56.340915245045,0.42626457888674024
DRREDDY-AMBUJACEM,DRREDDY,AMBUJACEM,-1.0622529307937467,-2.424609962952713,59.11714627074223,-0.3897084136711579
INDUSINDBK-VEDL,INDUSINDBK,VEDL,1.9411425766632795,-2.418570890180527,56.19689245108468,0.8587670402916354
TVSMOTOR-JINDALSTEL,TVSMOTOR,JINDALSTEL,-1.4359471477577823,-2.4053007827169086,56.50035245750797,-0.5317351720842948
OFSS-GRASIM,OFSS,GRASIM,2.2396678532876493,-2.402176175803219,117.05760625203449,0.46834679275818447
OFSS-TCS,OFSS,TCS,-2.7016653234882355,-2.4009981940910223,79.06117352586936,-0.5649902525547399
HCLTECH-AXISBANK,HCLTECH,AXISBANK,1.4355618191318207,-2.3791919191086714,59.27500853338106,0.8433628462754656
ICICIBANK-SAIL,ICICIBANK,SAIL,-1.9664359838079772,-2.3744311274173167,60.64282984730163,-0.4559564645938955
CIPLA-SBIN,CIPLA,SBIN,-0.381611963393887,-2.370148915061081,78.31022008546505,-0.41481121392580916
EICHERMOT-LTIM,EICHERMOT,LTIM,0.2776300828180627,-2.3681709025396835,62.815300408837736,0.48838982344787135
SBIN-KOTAKBANK,SBIN,KOTAKBANK,-0.5558555120121816,-2.3490463232469225,85.51406851374507,-0.5886943622589598
AMBUJACEM-TATASTEEL,AMBUJACEM,TATASTEEL,1.284747672067906,-2.345109747074663,58.9198710273171,0.6950476253666773
EICHERMOT-INFY,EICHERMOT,INFY,1.5721462441839933,-2.336299372519435,62.62422231151677,0.4625203232886735
INFY-SUNPHARMA,INFY,SUNPHARMA,0.5685859096513833,-2.313231087604562,55.296259821937014,0.7954830575942126
INDUSINDBK-TCS,INDUSINDBK,TCS,0.481710291399402,-2.3091671960766265,69.25734138336391,0.8053699863600429
OFSS-HEROMOTOCO,OFSS,HEROMOTOCO,-0.5271522504849454,-2.3088431268786542,116.98968041571149,-0.4673507128279021
SBIN-AXISBANK,SBIN,AXISBANK,0.9002661662104425,-2.295662611324642,73.88001568979985,0.8401443734153887
CIPLA-SAIL,CIPLA,SAIL,-3.369300236570825,-2.2846499342784337,71.22354863210276,-0.44860946592323075
M&M-AXISBANK,M&M,AXISBANK,2.116655446712898,-2.274808352225242,67.2676401513393,0.7474861022075677
HCLTECH-ACC,HCLTECH,ACC,-1.0959338962262795,-2.2723074575601063,78.80908480938935,-0.325624811412985
EICHERMOT-TCS,EICHERMOT,TCS,0.8739749992772592,-2.2609977911851087,66.47129406691829,0.47417344294308095
EICHERMOT-SUNPHARMA,EICHERMOT,SUNPHARMA,1.1630191316069975,-2.2543095717546713,65.57929383501752,0.47869575717334156
DRREDDY-HDFCBANK,DRREDDY,HDFCBANK,1.0039987068734424,-2.2326168942899383,66.892519179767,0.39240115712988055
OFSS-LTIM,OFSS,LTIM,-1.0728807983671582,-2.225641245498142,70.4030759808316,-0.7274828264292272
OFSS-EICHERMOT,OFSS,EICHERMOT,-0.5545316609178147,-2.2127694966333054,132.61683008369133,-0.21374577381580467
OFSS-TECHM,OFSS,TECHM,-1.6419363843475,-2.20337531932397,134.10338159288548,-0.2020480517217762
ULTRACEMCO-HEROMOTOCO,ULTRACEMCO,HEROMOTOCO,-0.5106621542316316,-2.2015645606362497,76.87509708253899,-0.6719059802058841
TCS-AXISBANK,TCS,AXISBANK,1.6662685996210285,-2.2015550733741245,60.69653272258427,0.8031850643574694
DRREDDY-INFY,DRREDDY,INFY,0.27030639932867145,-2.1948115162632815,72.0641974026804,0.39127006230612915
EICHERMOT-HCLTECH,EICHERMOT,HCLTECH,0.9286000022926275,-2.1875160673370293,71.46926622392378,0.413375702463674
OFSS-BAJAJ-AUTO,OFSS,BAJAJ-AUTO,0.2574674904000158,-2.1591405973983058,163.14341746533265,0.09720343971766228
GRASIM-ACC,GRASIM,ACC,1.3664475630680433,-2.152860865770643,74.55993632923098,0.3331421782186911
EICHERMOT-AXISBANK,EICHERMOT,AXISBANK,1.7643132964125119,-2.1464679659225236,70.85270444344246,0.46140738161835876
BAJAJ-AUTO-AXISBANK,BAJAJ-AUTO,AXISBANK,0.8830991858505709,-2.14452767644278,75.01948553881358,0.23579265423043194
WIPRO-ASHOKLEY,WIPRO,ASHOKLEY,0.3690694549512096,-2.141535981959464,63.48505128076392,0.6002946817060393
DRREDDY-ACC,DRREDDY,ACC,-0.3032727056557338,-2.1368389883809216,74.62304099213438,-0.19736272600571297
TVSMOTOR-BAJAJ-AUTO,TVSMOTOR,BAJAJ-AUTO,0.37564467549457775,-2.1274757705973473,70.4974800977875,0.6467661087915502
OFSS-WIPRO,OFSS,WIPRO,-3.941926048736818,-2.123623835764627,155.044435158018,-0.055856304150164744
OFSS-JSWSTEEL,OFSS,JSWSTEEL,1.47562051843515,-2.1236185684913065,166.0610413815948,0.08871699247686717
KOTAKBANK-VEDL,KOTAKBANK,VEDL,-1.0277024079818475,-2.1115138239892386,75.37302593420092,-0.4971188268456798
SBIN-VEDL,SBIN,VEDL,1.5752057572747158,-2.110109736886094,83.94607929477037,0.8069712966724653
AMBUJACEM-VEDL,AMBUJACEM,VEDL,-0.2914155652537745,-2.106960653545096,63.05969532361774,-0.5610866664547485
EICHERMOT-JINDALSTEL,EICHERMOT,JINDALSTEL,-1.4941496042413551,-2.084424451940125,72.68864472468208,-0.3147523954943305
INFY-HCLTECH,INFY,HCLTECH,0.5420248303299209,-2.0791083554558107,81.3541881132974,0.8201580835306074
EICHERMOT-JSWSTEEL,EICHERMOT,JSWSTEEL,-2.1067383047821804,-2.0766594670759746,68.32245850497837,-0.328603002654256
CIPLA-ICICIBANK,CIPLA,ICICIBANK,0.7121693904196089,-2.0739153305169915,83.14883099799589,0.4089483491849645
INDUSINDBK-INFY,INDUSINDBK,INFY,0.7839013063057336,-2.0734846485693494,87.24590696653686,0.7106742254469878
HCLTECH-M&M,HCLTECH,M&M,0.47051793147347315,-2.054691921861807,74.63767425324902,0.7827368688469909
ASHOKLEY-VEDL,ASHOKLEY,VEDL,0.3378030149076141,-2.0528128631922358,74.27936033224886,0.811075398101736
OFSS-TVSMOTOR,OFSS,TVSMOTOR,0.20332150933016455,-2.051286709759875,169.8655168020679,0.04458333391473771
SBIN-TATASTEEL,SBIN,TATASTEEL,-1.2217837917266285,-2.0509003060887077,185.55059237110999,-0.1758711799940936
GRASIM-SUNPHARMA,GRASIM,SUNPHARMA,-0.7400643620951893,-2.0436973280295008,87.44182206666729,-0.5614737615330406
OFSS-DRREDDY,OFSS,DRREDDY,1.7877781983785113,-2.0413455913200194,166.56993845422704,0.1400562236441922
VEDL-AXISBANK,VEDL,AXISBANK,0.3560980432635672,-2.027752644050247,89.87280248237086,0.6486819067498656
DRREDDY-CIPLA,DRREDDY,CIPLA,0.42435777002366104,-2.0158893265885722,75.08237453163686,0.5382845340703173
GRASIM-HCLTECH,GRASIM,HCLTECH,-0.6221421337959679,-2.0132754982234755,92.34796100326452,-0.5104969306993099
M&M-LTIM,M&M,LTIM,0.3136989727122688,-2.007038710519389,78.47490957946418,0.7451733296264748
EICHERMOT-DIVISLAB,EICHERMOT,DIVISLAB,-0.2642176932668848,-2.0048444940650185,76.3671854495111,-0.28987902799936877
DRREDDY-ASHOKLEY,DRREDDY,ASHOKLEY,0.7614270754950472,-2.004547987613556,83.72130488525538,0.22400600275820126
SUNPHARMA-M&M,SUNPHARMA,M&M,0.4366113155765046,-2.0017213519345547,81.3631728010284,0.7855577993762257
TVSMOTOR-ICICIBANK,TVSMOTOR,ICICIBANK,1.953812186989159,-1.9955670086805657,76.80037406673182,0.5084488533370086
CIPLA-JINDALSTEL,CIPLA,JINDALSTEL,-0.424837568345634,-1.9879136426199775,90.13001834379953,-0.34713671154975345
GRASIM-CIPLA,GRASIM,CIPLA,1.1917631483151307,-1.9790549114641929,90.22045055677823,0.5663364794186073
OFSS-HINDALCO,OFSS,HINDALCO,-3.826951205500136,-1.9649883603916434,146.440655360385,-0.2890699436935325
GRASIM-M&M,GRASIM,M&M,-0.37904882593675304,-1.9636333699809856,92.27929465228759,-0.5174141343290806
ULTRACEMCO-ACC,ULTRACEMCO,ACC,3.8208369712374055,-1.9615241506176937,94.04373034843117,0.28909932726171167
HINDALCO-JSWSTEEL,HINDALCO,JSWSTEEL,0.648463736483781,-1.9599753843449166,91.91067630141583,0.5161403437555786
INDUSINDBK-SBIN,INDUSINDBK,SBIN,1.0207507724197447,-1.9581909931620558,84.3190215537564,0.8814889093800139
AXISBANK-TATASTEEL,AXISBANK,TATASTEEL,-2.2913127068514103,-1.9553880127477326,111.82849901783399,-0.35342859739297977
GRASIM-INFY,GRASIM,INFY,-0.9250475355852843,-1.9498090750749086,89.70131794934929,-0.5016365633152661
EICHERMOT-BAJAJ-AUTO,EICHERMOT,BAJAJ-AUTO,0.496451546888604,-1.9496025596350122,82.7910455438973,0.486255931976904
GRASIM-JSWSTEEL,GRASIM,JSWSTEEL,1.9261931124747198,-1.93878725997055,87.85516731868184,0.5537937076097639
ULTRACEMCO-TECHM,ULTRACEMCO,TECHM,-2.440600813459414,-1.9312589062425976,101.70200589630741,-0.4457209844399245
HINDALCO-HDFCBANK,HINDALCO,HDFCBANK,1.0567670156543816,-1.9175665949389817,95.7769108707971,0.42836614281365976
EICHERMOT-INDUSINDBK,EICHERMOT,INDUSINDBK,0.8289637089816672,-1.917002047459601,84.84704876568577,0.2690073953155672
INDUSINDBK-M&M,INDUSINDBK,M&M,0.34369019653699473,-1.903617143863994,88.75148026813119,0.7843218613219174
EICHERMOT-DRREDDY,EICHERMOT,DRREDDY,1.2584086964594265,-1.895566838177289,85.13921880614232,0.2557639301738952
TVSMOTOR-ACC,TVSMOTOR,ACC,-0.9076996268049138,-1.895063361961567,88.46265555606502,-0.21104425035773366
SUNPHARMA-VEDL,SUNPHARMA,VEDL,2.1652280048236756,-1.8828683198379128,91.25570053649102,0.7552270729456756
EICHERMOT-ICICIBANK,EICHERMOT,ICICIBANK,1.7340238326065953,-1.8663563731104718,86.53991731179964,0.25670690310958744
OFSS-MARUTI,OFSS,MARUTI,0.5634972737543175,-1.8610318842504805,138.957682890652,0.48575812827357084
ICICIBANK-VEDL,ICICIBANK,VEDL,-0.2260700445255365,-1.852890556304925,93.90643842621829,-0.21923362665836607
EICHERMOT-GRASIM,EICHERMOT,GRASIM,-0.39563501179942817,-1.8516365166295772,86.9989634092089,-0.21463841975023912
EICHERMOT-TVSMOTOR,EICHERMOT,TVSMOTOR,0.6477074388314795,-1.8470094721099142,93.47817773478013,0.3684655693238529
ULTRACEMCO-GRASIM,ULTRACEMCO,GRASIM,2.0258489572397598,-1.824713769747898,107.91160850372806,0.628722474804466
EICHERMOT-SBIN,EICHERMOT,SBIN,0.9283926508510348,-1.8164828343121615,91.87615796806375,0.2601701878512329
HINDALCO-ICICIBANK,HINDALCO,ICICIBANK,-0.3836162208736217,-1.8159112881444013,104.09110570358744,-0.28980149690725243
GRASIM-TCS,GRASIM,TCS,-0.4649423608390093,-1.8104897989908566,105.30370851880733,-0.4649696318785087
HCLTECH-CIPLA,HCLTECH,CIPLA,-0.5724092105662671,-1.8068428735440216,144.22988338384565,-0.3315031634356128
TECHM-ASHOKLEY,TECHM,ASHOKLEY,3.74601235177892,-1.8028755426297678,93.0762911570213,0.701602262253663
INDUSINDBK-CIPLA,INDUSINDBK,CIPLA,-0.5906586817709496,-1.8023381668188105,142.54461062587816,-0.46925101403698516
VEDL-TATASTEEL,VEDL,TATASTEEL,-0.24341994140213127,-1.8021880891683562,138.94446790319458,-0.06839678285586122
INFY-TATASTEEL,INFY,TATASTEEL,-3.715947923660082,-1.7975554480560054,89.53867904529301,-0.5095160812097689
KOTAKBANK-AXISBANK,KOTAKBANK,AXISBANK,-0.2322300349620097,-1.7747922869974226,104.04467925977866,-0.20463194011614494
GRASIM-SBIN,GRASIM,SBIN,-0.8555172728112065,-1.7737920662211255,117.1928911394788,-0.4419181861065276
INDUSINDBK-AXISBANK,INDUSINDBK,AXISBANK,0.9334210483965165,-1.7663834347341825,108.00939515037442,0.7522422455843302
TECHM-INFY,TECHM,INFY,0.8423412608119413,-1.766016544696644,108.42564603783971,0.7762449745225491
TVSMOTOR-HDFCBANK,TVSMOTOR,HDFCBANK,3.083109123160238,-1.763518693646709,94.32668821438651,0.4305123168397376
HCLTECH-VEDL,HCLTECH,VEDL,2.4282713442757538,-1.759543588878391,95.1997989218815,0.7831186790491383
ULTRACEMCO-EICHERMOT,ULTRACEMCO,EICHERMOT,-0.5301576815354899,-1.755808899686151,117.91123735611767,-0.30328032496544344
AMBUJACEM-HDFCBANK,AMBUJACEM,HDFCBANK,-0.30040994653910014,-1.7528780161291801,86.29158857165527,-0.32003655715783963
SAIL-TATASTEEL,SAIL,TATASTEEL,0.41102151743157744,-1.7434447996464633,118.62711358660441,0.4830194986544693
CIPLA-TATASTEEL,CIPLA,TATASTEEL,0.6778467984805362,-1.7423111642607587,121.27691745629133,0.10606213729486545
GRASIM-VEDL,GRASIM,VEDL,-1.3973154138679673,-1.7385336394591302,116.87294165088272,-0.36976716095576845
EICHERMOT-CIPLA,EICHERMOT,CIPLA,-0.394850788217293,-1.7306801712939184,96.83003741882489,-0.10179591223559438
SUNPHARMA-SBIN,SUNPHARMA,SBIN,1.2223918663478073,-1.730462932515659,104.16238479512317,0.832268713074047
HINDALCO-AXISBANK,HINDALCO,AXISBANK,0.3176117748215509,-1.7251861191622153,117.74673305909697,0.42386406819635497
KOTAKBANK-TATASTEEL,KOTAKBANK,TATASTEEL,-0.6627762261669997,-1.7164267825802833,114.5558426478251,-0.09008226133320056
EICHERMOT-M&M,EICHERMOT,M&M,0.252449045244893,-1.7084432784957544,100.47479723839407,0.18695178221663322
EICHERMOT-VEDL,EICHERMOT,VEDL,0.4261462972764437,-1.70407589140475,99.58794882482826,0.06117941964662781
INDUSINDBK-ACC,INDUSINDBK,ACC,-0.6463063143494451,-1.703164787135188,134.59791038149538,-0.2634262762590512
EICHERMOT-KOTAKBANK,EICHERMOT,KOTAKBANK,0.37838746260072,-1.6977211599291129,100.50134400547438,0.1123027871766116
EICHERMOT-HINDALCO,EICHERMOT,HINDALCO,0.20483016937370344,-1.6923176909734239,100.34381317875845,0.04013957294857767
TVSMOTOR-TATASTEEL,TVSMOTOR,TATASTEEL,-3.85710125140257,-1.6904517417749838,104.20678899180432,-0.27350745404968557
JINDALSTEL-TATASTEEL,JINDALSTEL,TATASTEEL,3.1249771670712008,-1.687773842319203,118.11882820555024,0.5984088987020312
INFY-ACC,INFY,ACC,-0.5709402169875663,-1.6736493292436392,103.18300324102213,-0.25668598263552644
OFSS-DIVISLAB,OFSS,DIVISLAB,-0.5603138795105702,-1.62844745537031,182.253336061692,-0.23695041281011572
TVSMOTOR-CIPLA,TVSMOTOR,CIPLA,1.0550249381875956,-1.6140436048431122,97.69453876114653,0.47812563300655886
SUNPHARMA-CIPLA,SUNPHARMA,CIPLA,-0.4937472563296668,-1.6105917712957099,166.63104014027553,-0.3092639548702925
HINDALCO-SBIN,HINDALCO,SBIN,0.22563639764557347,-1.6099376146616564,132.31194347406873,0.32266820308959504
GRASIM-AXISBANK,GRASIM,AXISBANK,-0.5890768048492556,-1.5951435104175389,136.26261158210838,-0.2839670886529601
TCS-DIVISLAB,TCS,DIVISLAB,-0.2131518631676543,-1.5920794398862583,119.93902163147861,-0.4310283298682316
ULTRACEMCO-DIVISLAB,ULTRACEMCO,DIVISLAB,0.35383754575400866,-1.581218417833542,157.45061291523604,0.2220741416791243
AMBUJACEM-JSWSTEEL,AMBUJACEM,JSWSTEEL,0.24104152601662154,-1.5773669244643145,94.95774350142338,0.5042238380970764
INFY-AXISBANK,INFY,AXISBANK,0.7404756867701443,-1.5739304544815516,103.48454467311728,0.6582361899194714
WIPRO-SAIL,WIPRO,SAIL,-0.40439038088487705,-1.573305853566381,92.51579965763207,-0.37760204039172185
HINDALCO-VEDL,HINDALCO,VEDL,0.6349327223065843,-1.5555539006700514,142.25241378308257,0.46515267179157876
TVSMOTOR-INFY,TVSMOTOR,INFY,0.40696533954276076,-1.5543535690404815,124.58654518103359,0.21046373509183885
INDUSINDBK-GRASIM,INDUSINDBK,GRASIM,-0.3066865567286956,-1.5420553056916715,164.2002823947225,-0.5127182578240472
JINDALSTEL-SBIN,JINDALSTEL,SBIN,0.4017077785767951,-1.5268454983020394,113.82202467636006,0.5343934396952054
TVSMOTOR-JSWSTEEL,TVSMOTOR,JSWSTEEL,-0.6404140025804342,-1.4968908519544322,119.56665861953245,-0.17559159660389495
TECHM-TCS,TECHM,TCS,0.4261235849584478,-1.4930090600637251,139.47676353040242,0.7241801865232216
ULTRACEMCO-KOTAKBANK,ULTRACEMCO,KOTAKBANK,3.4312869115927898,-1.4869094958333209,127.48755494047477,0.5825725384727654
HINDALCO-SAIL,HINDALCO,SAIL,1.2512450913631694,-1.4814666405015007,155.80598384674724,0.21917429248703382
TECHM-JINDALSTEL,TECHM,JINDALSTEL,-0.7629019296401588,-1.4740403985105086,117.75631159765776,-0.5034038380810449
HCLTECH-SBIN,HCLTECH,SBIN,1.3206936653277517,-1.4677436251656533,116.23962255846055,0.8314031504165665
GRASIM-KOTAKBANK,GRASIM,KOTAKBANK,0.8758027722859563,-1.467077140007436,141.70889979992734,0.47912338424482775
ASHOKLEY-TATASTEEL,ASHOKLEY,TATASTEEL,-0.7971654460089334,-1.4657514596696015,137.84063245169298,-0.5378060624043869
TECHM-SUNPHARMA,TECHM,SUNPHARMA,0.49734443593467786,-1.4453952049453223,129.16007282557646,0.6412137578368232
INFY-VEDL,INFY,VEDL,1.2966563489239926,-1.4085829706372626,118.34730538220957,0.6327521747458587
INDUSINDBK-TATASTEEL,INDUSINDBK,TATASTEEL,-2.464711850987195,-1.4011047217238966,229.8741546318666,-0.3063822537951355
INDUSINDBK-KOTAKBANK,INDUSINDBK,KOTAKBANK,-0.6313699008604952,-1.3981172128325545,149.04645494263787,-0.5774427984675791
ULTRACEMCO-HINDALCO,ULTRACEMCO,HINDALCO,-2.067824568221438,-1.3955320826220234,166.1069536512046,-0.231809746964397
TVSMOTOR-AXISBANK,TVSMOTOR,AXISBANK,0.33470428310656386,-1.3829574999086554,142.83917855035,0.15386933388104396
GRASIM-SAIL,GRASIM,SAIL,-1.682865850815432,-1.3731768175250798,171.64059834590492,-0.10647871542997579
TECHM-JSWSTEEL,TECHM,JSWSTEEL,-0.9741440036649095,-1.3729513761694696,110.16628403004171,-0.4759451947984353
HINDALCO-JINDALSTEL,HINDALCO,JINDALSTEL,0.42878246625100086,-1.3701131794037453,157.23759450367513,0.4609280672043972
TVSMOTOR-SBIN,TVSMOTOR,SBIN,-0.4360736534919513,-1.3552647077721707,137.67120904363816,-0.21481651061307014
HCLTECH-JSWSTEEL,HCLTECH,JSWSTEEL,-0.45397814081856874,-1.3523325970085123,205.23233392820953,-0.15906682489306792
HCLTECH-KOTAKBANK,HCLTECH,KOTAKBANK,-0.5266320903568245,-1.3501078499896062,176.7657887782269,-0.3511113353461493
TECHM-TVSMOTOR,TECHM,TVSMOTOR,0.2972620159428532,-1.3485423937610979,143.60506728737204,0.5297003928397139
HINDALCO-TATASTEEL,HINDALCO,TATASTEEL,2.2454375230410633,-1.342090885760738,164.24187569229997,0.4622195462164428
GRASIM-JINDALSTEL,GRASIM,JINDALSTEL,0.36863114783295553,-1.3345126955719182,188.81687792725302,0.14313776901184894
TCS-VEDL,TCS,VEDL,2.473858473129771,-1.3272905175287697,136.78949776266606,0.6546109517093572
ULTRACEMCO-JINDALSTEL,ULTRACEMCO,JINDALSTEL,-2.331017850167993,-1.2905199022041065,166.95005390201203,-0.28090517338288395
INDUSINDBK-HDFCBANK,INDUSINDBK,HDFCBANK,1.3069201533367578,-1.2814472811275377,204.1967535824763,0.31991534039059616
ULTRACEMCO-JSWSTEEL,ULTRACEMCO,JSWSTEEL,2.4225175838515662,-1.2708806382050681,200.630215777537,0.21615587918977158
TVSMOTOR-GRASIM,TVSMOTOR,GRASIM,0.24858288786565771,-1.2494123065876588,153.76271155005657,0.23706418473208046
INFY-M&M,INFY,M&M,0.21904292314143053,-1.246979788350463,140.63120234542538,0.5513751965670156
HCLTECH-ICICIBANK,HCLTECH,ICICIBANK,0.32654821324576133,-1.2436834090822977,265.60062987775433,0.10859592566021158
GRASIM-HDFCBANK,GRASIM,HDFCBANK,1.0894024692196838,-1.2417340794535454,206.78587094402963,0.15951088425371168
TCS-M&M,TCS,M&M,0.46852907134115784,-1.2331823786341267,147.96105538127458,0.6395201061958425
AMBUJACEM-SAIL,AMBUJACEM,SAIL,0.33936243680739336,-1.199651495216938,160.63626304798217,0.15622854554320637
JINDALSTEL-VEDL,JINDALSTEL,VEDL,0.7619537079446372,-1.1888903012931151,165.2348186513286,0.5192784030209642
SUNPHARMA-KOTAKBANK,SUNPHARMA,KOTAKBANK,-0.437457370051888,-1.179919914620372,231.96920919342864,-0.315440037085245
TCS-SBIN,TCS,SBIN,1.2552086784906726,-1.1758944891432792,164.45867700120945,0.648341098657527
INFY-JSWSTEEL,INFY,JSWSTEEL,-0.556254713286567,-1.1720170336169455,151.9190485713628,-0.2949149317485304
SUNPHARMA-ICICIBANK,SUNPHARMA,ICICIBANK,0.3918250159114244,-1.1379596273039785,311.26910398830563,0.14092950479143712
TECHM-HCLTECH,TECHM,HCLTECH,0.42475786037861957,-1.1363550341937696,230.62074575830508,0.5922847341559572
ULTRACEMCO-ICICIBANK,ULTRACEMCO,ICICIBANK,2.7252041071499127,-1.1177173332378638,228.9027490690318,0.2307919722603347
ULTRACEMCO-TVSMOTOR,ULTRACEMCO,TVSMOTOR,0.36690129906713514,-1.1065731017720697,237.16906743787743,0.11940058513428417
INFY-SBIN,INFY,SBIN,0.5482639598067095,-1.0960453391363152,172.67020577064554,0.5222490480433556
ULTRACEMCO-MARUTI,ULTRACEMCO,MARUTI,0.34480856035630386,-1.0278322763491239,222.7946978244868,0.4411378126811157
HEROMOTOCO-DIVISLAB,HEROMOTOCO,DIVISLAB,-0.9617457248580097,-0.9771339572773744,263.3533098815744,-0.45875362511667994
INFY-CIPLA,INFY,CIPLA,-0.24913910680002638,-0.9750722055745602,211.24680915301371,-0.21832393705821884
TECHM-ACC,TECHM,ACC,-0.4105081827880399,-0.973763260745286,223.23824880367889,-0.17007640318193648
TECHM-ICICIBANK,TECHM,ICICIBANK,1.053157315274393,-0.9301464359125767,216.90120037413368,0.4883695560121864
TECHM-AXISBANK,TECHM,AXISBANK,0.576498635369676,-0.8602497197406146,260.97884771274187,0.4722586960580673
SUNPHARMA-SAIL,SUNPHARMA,SAIL,2.3086056160364037,-0.8130520187637384,433.92817203590107,0.19253206930043587
SUNPHARMA-JINDALSTEL,SUNPHARMA,JINDALSTEL,0.27657940147253857,-0.8081657312465811,447.1279958647906,0.14155397622515575
TECHM-HDFCBANK,TECHM,HDFCBANK,1.6412536225116432,-0.805701898959741,258.9942347694015,0.40837886578249066
INFY-ICICIBANK,INFY,ICICIBANK,0.28252819966203513,-0.7981787241408806,276.6443370318388,0.14216949125479436
HCLTECH-SAIL,HCLTECH,SAIL,3.507964623017968,-0.7877342292278896,402.2527930096746,0.2704985799396544
TECHM-GRASIM,TECHM,GRASIM,-0.22423732871238689,-0.7572821947350018,281.8285444626128,-0.3810601243281172
TECHM-INDUSINDBK,TECHM,INDUSINDBK,0.39563793704342476,-0.7463711521391133,319.8955722916702,0.40216056193446487
HCLTECH-JINDALSTEL,HCLTECH,JINDALSTEL,0.4485457225436467,-0.7361400890478103,453.14477018950424,0.21225865791590226
ASHOKLEY-HDFCBANK,ASHOKLEY,HDFCBANK,0.22508623425026297,-0.6434990902210643,412.7939179927391,0.29902997234227324
TCS-KOTAKBANK,TCS,KOTAKBANK,-0.4564740935841412,-0.6424805639735611,349.4655600496675,-0.2497075734405013
INFY-SAIL,INFY,SAIL,0.5280688722459991,-0.6290826708884718,356.21017206961653,0.061613905792784314
HEROMOTOCO-BAJAJ-AUTO,HEROMOTOCO,BAJAJ-AUTO,1.1912971024486438,-0.5327295658990886,553.8652993377564,0.5073088919705542
INDUSINDBK-JINDALSTEL,INDUSINDBK,JINDALSTEL,0.6900824917543488,-0.512637889373333,570.4961670103553,0.4479682844260378
TECHM-VEDL,TECHM,VEDL,0.6694497571101425,-0.4331570261887539,586.5878627597518,0.3010491955341606
HEROMOTOCO-M&M,HEROMOTOCO,M&M,1.598534006056654,-0.3536278133394262,878.8157638757979,0.5146856995101119
TECHM-SBIN,TECHM,SBIN,0.2109709903498401,-0.32761057513478725,788.9353432077384,0.18519166112638377
TECHM-KOTAKBANK,TECHM,KOTAKBANK,0.23928108664771097,-0.3208935113116015,801.1225097191887,0.2224513358456575
ASHOKLEY-SAIL,ASHOKLEY,SAIL,0.28514828160047573,-0.005550567956956033,59397.673907093114,0.16369969950009597
HEROMOTOCO-MARUTI,HEROMOTOCO,MARUTI,0.21064603017785138,0.24140844153393698,inf,0.20482109875182292
